source-fullname,target-username
Elling Alldritt,ealldrit
Seyed Wasem Khouri,wkhouri
Mir Schirmer Stark Kunze,s.s. kunze
Walter Knopf,wknopf
sheikh Almasi Sayegh Rahal,a.s. rahal
lady Kennell Noyce,knoyce
Hadad Boutros Mikhail,h.b. mikhail
lady Baz Tannous Mifsud,b.t. mifsud
lady Said Wasem Sayegh,s.w. sayegh
Sarkis Mustafa Handal,s.m. handal
lady Brookfield Jeffers Christy,b.j. christy
Von Wirth Frost,vfrost
Nazari Mikhail Sabbagh,n.m. sabbagh
lady Marquerink Hoffmann,mhoffman
Md Blumenthal Feld,bfeld
Touma Harb Shamon,t.h. shamon
Deeb Nader,dnader
lady Mohren Kalb,mkalb
lady Hansen Ashman,hashman
Bishara Attia,battia
lady Gunston Langston,glangsto
Sir Antar Isa Wasem,a.i. wasem
De Maurer Schultheiß,dschulth
lord Conroy Duffin,cduffin
D Fielder Kempson Judge,d.k. judge
Sir Schuhmacher Otto Stein,s.o. stein
Mir Leyshon Anakin Bridges,l.a. bridges
Franklin Jacks Jeffery,f.j. jeffery
Attia Wasem Mifsud,a.w. mifsud
D Aue Schuchard Waltz,d.s. waltz
Von Stein Beck,vbeck
Von Aswad Botros,vbotros
Mir Sayegh Najjar Quraishi,s.n. quraishi
sheikh Asker Shammas,ashammas
Mir Saliba Shammas,sshammas
lady Khouri Abboud,kabboud
Samuel Luther Hutmacher,s.l. hutmacher
lady Siskin Grosse Bischoffs,s.g. bischoffs
lord Bazzi Nahas Botros,b.n. botros
Astle Miles Frazer,a.m. frazer
Md Hoover Wolff Beyer,h.w. beyer
D Braun Lorenz,dlorenz
Seyed Hakimi Najjar Daher,h.n. daher
Clifford Emmerson Oloughlin,c.e. oloughlin
Sayegh Nader Antar,s.n. antar
Mustafa Touma,mtouma
sheikh Deane Eastaugh,deastaug
D Raskop Mann Höfler,d.m. höfler
Seyed Saliba Khoury Mustafa,s.k. mustafa
Gott Dieter Hofer,g.d. hofer
Freeman Tufnall,ftufnall
Mendelsohn Krüger Albert,m.k. albert
sheikh Boulos Arian,barian
Spellmeyer Rosenberger Gwerder,s.r. gwerder
Mir Nutt Nicholl Ling,n.n. ling
lady Baumgartner Sommer,bsommer
Abadi Sarraf,asarraf
Shadid Sabbag Haddad,s.s. haddad
Pawlitzki Kunze,pkunze
Tannous Koury,tkoury
Royle Lockwood Perry,r.l. perry
lady Furey Proctor Nielson,f.p. nielson
Foxley Glover Street,f.g. street
Samaha Hakimi Najjar,s.h. najjar
Said Khoury,skhoury
Seyed Roussel Opayne Pond,r.o. pond
Shammas Nassar,snassar
Mir Voß Foth Böhm,v.f. böhm
Sir Gerges Totah,gtotah
Gerber Werner Schultze,g.w. schultze
Jans Slusser Schmidt,j.s. schmidt
Jewson Emberey Liddle,j.e. liddle
Md Kruse Wolter,kwolter
Ogilvie Geyer Jennings,o.g. jennings
lady Whittingham Hussein Lilley,w.h. lilley
lord Senft Schubert Schuttmann,s.s.schuttman@ualberta.ca
Md Prosser Yabsley Fearon,p.y. fearon
D Maalouf Nazari Toma,d.n. toma
Thornton Yeldon Tyman,t.y. tyman
lord Salib Bitar,sbitar
Krämer Havener Brune,k.h. brune
Seyed Floss Gibb,fgibb
Kingston Hamer,khamer
lady Arah Woodley Russell,a.w. russell
Olson Hobbs,ohobbs
lady Steuben Mueller Maier,s.m. maier
Lange Unkle Suess,l.u. suess
Md Khouri Boutros Nazari,k.b. nazari
D Spannagel Peters Braune,d.p. braune
Ocallaghan Elworthy Whyte,o.e. whyte
Sponaugle Böttcher Lorentz,s.b. lorentz
sheikh Sabbagh Nader Mustafa,s.n. mustafa
Rogan Wootton,rwootton
Königsmann Stark,kstark
lady Maroun Arian,marian
lord Mustafa Hadad,mhadad
Greenberg Wang Bischoffs,g.w. bischoffs
Cleary Chong,cchong
Autenburg Messmann Hausler,a.m. hausler
Hanania Ganem,hganem
lady Isa Bahar,ibahar
Bischoffs Brauer Knopp,b.b. knopp
Cooper Palfrey,cpalfrey
Markham Mcarthur,mmcarthu
lady Ganem Shammas Fakhoury,g.s. fakhoury
sheikh Couch Thomson,cthomson
Sleiman Ba,sba
Sir Botros Mifsud,bmifsud
Von Nassar Gerges,vgerges
Penzig Schultheis,pschulth
Von Bahar Safar,vsafar
Mir Bishara Sleiman,bsleiman
Seyed Nicholson Turland,nturland
Von Weiman Schroeder,vschroed
Sir Bailey Stevenson,bstevens
De Lois Hodkinson Bennett,d.h. bennett
Jordan Grünewald Stumpf,j.g. stumpf
Seyed Salzwedel Stueck,sstueck
Asker Koury Boutros,a.k. boutros
Koury Halabi Quraishi,k.h. quraishi
Bryant Ryder,bryder
lady Kron Hinrichs Faerber,k.h. faerber
Sleiman Shalhoub Salib,s.s. salib
Antar Nahas,anahas
De Gabler Wirth,dwirth
Seyed Whittle Tucker,wtucker
Asker Ghannam,aghannam
Brain Steward,bsteward
Calveley Fearn,cfearn
De Haik Bitar,dbitar
lord Trumbauer Roth Hoffmann,t.r. hoffmann
Bauer Berger Penzig,b.b. penzig
Mustafa Shamon,mshamon
Duval Denney Oatridge,d.d. oatridge
D Holzknecht Schmeling,dschmeli
De Seif Basara Mifsud,d.b. mifsud
Von Kearney Peat Hyde,v.p. hyde
Mir Kerper Friedrich Schumacher,k.f.schumache@ualberta.ca
lord Osmond Lenihan Stanton,o.l. stanton
Kohl Geisler,kgeisler
Waltz Martz,wmartz
Md Steen Böttcher Gros,s.b. gros
Stott Umney,sumney
Mir Nader Antoun Tuma,n.a. tuma
Glöckner Drechsler Blau,g.d. blau
De Kassis Seif Toma,d.s. toma
Mcneil Greer Allington,m.g. allington
Clay Spence,cspence
sheikh Haddad Nassar,hnassar
lord Baba Mikhail Hadad,b.m. hadad
Hahn Vonnegut,hvonnegu
Große Buchholz,gbuchhol
Assaf Fakhoury,afakhour
Seyed Krebs Mendel Maus,k.m. maus
lord Rose Boesch Eberhardt,r.b. eberhardt
Childs Glen Knightley,c.g. knightley
Kassis Harb Nassar,k.h. nassar
Paternoster Forst Kistner,p.f. kistner
Beyersdorf Paulis,bpaulis
Hastings Hogan Stevenson,h.h. stevenson
sheikh Schuhmacher Lorenzen,slorenze
D Meissner Krebs,dkrebs
lady Khouri Tahan,ktahan
Baumgartner Tifft,btifft
D Sabbagh Cham Shamoun,d.c. shamoun
Welter Schultheiß,wschulth
Mir Tahan Tuma Nassar,t.t. nassar
Neave Linley,nlinley
Lawther Rivers Farnsworth,l.r.farnswort@ualberta.ca
Rickett Smith,rsmith
Tahan Srour,tsrour
Feldt West,fwest
Md Moghadam Maalouf Shammas,m.m. shammas
Ratcliffe Dowler,rdowler
Md Fisher Donnelly,fdonnell
Fallon Gaynor Aldren,f.g. aldren
Heidrich Schnur,hschnur
Khouri Kassab Antoun,k.k. antoun
Sir Sayegh Almasi,salmasi
D Guest Oldfield Oneil,d.o. oneil
sheikh Hamnett Powell,hpowell
Lovell Moon Yeung,l.m. yeung
sheikh Rich Cadman,rcadman
D Ingleby Saleh,dsaleh
Kaube Stueck,kstueck
Mir Zogby Said,zsaid
lord Akhtar Cawley,acawley
Gerges Malouf Kalb,g.m. kalb
De Bretz Luther,dluther
sheikh Ghannam Atiyeh Cham,g.a. cham
Nassar Bazzi,nbazzi
Gerhard Brant,gbrant
sheikh Aslam Lovey Kempster,a.l. kempster
Seyed Hussain Rhodes Tyrer,h.r. tyrer
Seyed Khoury Kouri Hakimi,k.k. hakimi
Mir Greene Lock,glock
lady Bitar Bitar,bbitar
Md Boulos Tuma,btuma
De Kouri Moghadam Sabbag,d.m. sabbag
Stanford Gosden Manson,s.g. manson
